"StudySite","CEC_Mean","CEC_sd"
"Site 269","12.8087121573361","4.41416903488441"
